[{"@type":"mtTask","id":"@1","name":"MappingTask66","runtimeEnvironmentId":"@aWjjrY9s3Wvb6cWd3kbPgM","maxLogs":10,"verbose":false,"mappingId":"@ggywpkjIX49bZ1XGS24K0P","frsGuid":"6bNHzOBVaU0ftRr97fHIwt","sessionPropertiesList":[{"name":"Pushdown Optimization","value":"None","recommended":false},{"name":"Pushdown Optimization Context","value":"None","recommended":false},{"name":"Pushdown Optimization Fallback Option","value":"Partial PDO","recommended":false}],"hidden":false,"enableCrossSchemaPushdown":true,"enableParallelRun":false,"autoTunedApplied":false,"autoTunedAppliedType":"NONE","paramFileType":"PARAM_FILE_LOCAL","schemaMode":"async","valid":true,"schemaValidationErrorCount":-1,"serverlessProperties":{},"taskProperties":[{"@type":"taskProperty","name":"parameterFileDir","currentValue":"","type":"STRING","label":"label.parameterFileDir","required":false},{"@type":"taskProperty","name":"parameterFileName","currentValue":"","type":"STRING","label":"label.parameterFileName","required":false}],"optimizationPlan":"NONE","isMidstreamPreview":false,"parameters":[{"@type":"mtTaskParameter","id":11460124,"name":"$Source$","type":"EXTENDED_SOURCE","label":"Source","uiProperties":{"connectionParameterized":"false","isSelectDistinct":"false","isMsrcFilterParameterized":"false","isMsrcSortParameterized":"false","objectParameterized":"false","visible":"false","originalPath":"Source"},"sourceConnectionId":"@4UPPF8mAyL2cKAWQZKbg8c","newFlatFile":false,"newObject":false,"showBusinessNames":false,"naturalOrder":true,"truncateTarget":false,"bulkApiDBTarget":false,"srcFFAttrs":{"@type":"flatFileAttrs","id":3314697,"delimiter":",","textQualifier":"\"","escapeChar":"","headerLineNo":2147483647,"firstDataRow":1,"rowDelimiter":0,"consecutiveDelimiter":false,"multiDelimitersAsAnd":true},"customFuncCfg":{"@type":"customFuncConfig","id":-1,"connections":[],"inputMap":[],"outputFields":[]},"targetRefsV2":{},"targetUpdateColumns":[],"extendedObject":{"@type":"extendedObject","object":{"@type":"mObject","name":"dummy.txt","label":"dummy.txt","metadataUpdated":false,"relations":[],"children":[]},"singleMode":true,"objects":[{"@type":"mObject","name":"dummy.txt","label":"dummy.txt","metadataUpdated":false,"relations":[],"children":[]}],"filters":[],"sortFields":[]},"runtimeAttrs":{},"isRESTModernSource":true,"isFileList":false,"handleSpecialChars":false,"handleDecimalRoundOff":false,"frsAsset":false,"dynamicFileName":false,"excludeDynamicFileNameField":false,"currentlyProcessedFileName":false,"retainFieldMetadata":false,"useExactSrcNames":false,"fetchMode":"ORIGINAL","tgtObjectAttributes":{},"runtimeParameterData":{"@type":"mtTaskRuntimeParameterData","isConnectionRuntimeParameter":false,"isObjectRuntimeParameter":false},"overridableProperties":[],"overriddenFields":[]},{"@type":"mtTaskParameter","id":11460125,"name":"$Target$","type":"TARGET","label":"Target","uiProperties":{"connectionParameterized":"false","objectParameterized":"false","visible":"false","defaultTargetUpdateColumns":"","supportApplyDDLChanges":"true","originalPath":"Target"},"targetConnectionId":"@4UPPF8mAyL2cKAWQZKbg8c","targetObject":"test.out","targetObjectLabel":"test.out","newFlatFile":false,"newObject":true,"showBusinessNames":false,"naturalOrder":true,"newObjectName":"test.out","truncateTarget":false,"bulkApiDBTarget":false,"operationType":"Insert","tgtFFAttrs":{"@type":"flatFileAttrs","id":3314698,"delimiter":",","textQualifier":"\"","escapeChar":"","headerLineNo":1,"rowDelimiter":0,"consecutiveDelimiter":false,"multiDelimitersAsAnd":true},"customFuncCfg":{"@type":"customFuncConfig","id":-1,"connections":[],"inputMap":[],"outputFields":[]},"targetRefsV2":{},"targetUpdateColumns":[],"extendedObject":{"@type":"extendedObject","singleMode":true,"filters":[],"sortFields":[]},"runtimeAttrs":{},"isRESTModernSource":true,"isFileList":false,"handleSpecialChars":false,"handleDecimalRoundOff":false,"frsAsset":false,"dynamicFileName":false,"excludeDynamicFileNameField":false,"currentlyProcessedFileName":false,"retainFieldMetadata":false,"objectName":"test.out","objectLabel":"test.out","useExactSrcNames":false,"fetchMode":"ORIGINAL","tgtObjectAttributes":{},"targetSchemaMode":"DONT_APPLY_CHANGES","runtimeParameterData":{"@type":"mtTaskRuntimeParameterData","isConnectionRuntimeParameter":false,"isObjectRuntimeParameter":false},"overridableProperties":[],"overriddenFields":[]}],"sequences":[],"inOutParameters":[],"connRuntimeAttrs":[]}]